user.gender,user.genderFilter,,User_gender,Male,Female,Both
M,F,,count,985,144,
M,F,,User_genderFilter,130,944,55
M,F,,,,,
M,F,,,,,
M,F,,,,,
M,F,,,,,
F,M,,,,,
M,F,,,,,
F,M,,,,,
M,F,,,,,
M,F,,,,,
M,F,,,,,
M,F,,,,,
M,F,,,,,
M,F,,,,,
M,F,,,,,
M,M,,,,,
M,F,,,,,
F,F,,,,,
M,F,,,,,
M,F,,,,,
M,F,,,,,
M,F,,,,,
M,F,,,,,
M,F,,,,,
M,F,,,,,
M,M,,,,,
M,F,,,,,
M,F,,,,,
M,F,,,,,
M,F,,,,,
M,F,,,,,
M,M,,,,,
M,F,,,,,
M,M,,,,,
M,F,,,,,
F,F,,,,,
M,F,,,,,
F,F,,,,,
M,F,,,,,
M,F,,,,,
M,M,,,,,
M,M,,,,,
M,F,,,,,
M,M,,,,,
F,M,,,,,
F,F,,,,,
M,M,,,,,
F,F,,,,,
F,M,,,,,
M,F,,,,,
F,F,,,,,
M,F,,,,,
F,F,,,,,
M,M and F,,,,,
M,M,,,,,
M,M,,,,,
M,F,,,,,
M,M,,,,,
M,F,,,,,
M,F,,,,,
F,F,,,,,
M,F,,,,,
F,F,,,,,
M,F,,,,,
M,M and F,,,,,
M,M and F,,,,,
M,F,,,,,
M,F,,,,,
M,F,,,,,
F,F,,,,,
F,M,,,,,
M,F,,,,,
M,F,,,,,
M,F,,,,,
M,M and F,,,,,
F,F,,,,,
M,M,,,,,
M,M,,,,,
M,M and F,,,,,
F,M,,,,,
M,F,,,,,
F,F,,,,,
F,F,,,,,
F,F,,,,,
F,F,,,,,
M,F,,,,,
M,F,,,,,
M,F,,,,,
M,F,,,,,
M,F,,,,,
M,F,,,,,
M,F,,,,,
M,,,,,,
M,F,,,,,
M,F,,,,,
M,M,,,,,
M,F,,,,,
M,F,,,,,
,F,,,,,
M,M,,,,,
M,F,,,,,
M,F,,,,,
F,F,,,,,
M,F,,,,,
M,F,,,,,
M,F,,,,,
F,F,,,,,
M,F,,,,,
M,F,,,,,
F,F,,,,,
M,F,,,,,
M,M,,,,,
M,M,,,,,
M,M,,,,,
M,M,,,,,
M,M,,,,,
M,M and F,,,,,
M,F,,,,,
M,F,,,,,
M,F,,,,,
F,F,,,,,
M,F,,,,,
F,M and F,,,,,
F,F,,,,,
F,F,,,,,
F,M and F,,,,,
F,M and F,,,,,
M,F,,,,,
M,M,,,,,
M,M and F,,,,,
M,M,,,,,
M,F,,,,,
M,M,,,,,
F,F,,,,,
M,F,,,,,
M,M,,,,,
F,M and F,,,,,
F,F,,,,,
M,F,,,,,
M,F,,,,,
F,M and F,,,,,
F,M,,,,,
M,F,,,,,
M,F,,,,,
M,F,,,,,
F,F,,,,,
M,F,,,,,
M,F,,,,,
F,F,,,,,
F,M and F,,,,,
M,F,,,,,
M,M,,,,,
M,F,,,,,
M,F,,,,,
F,F,,,,,
F,F,,,,,
M,F,,,,,
M,F,,,,,
M,M,,,,,
M,F,,,,,
M,M and F,,,,,
M,F,,,,,
M,F,,,,,
F,F,,,,,
M,F,,,,,
F,M,,,,,
M,F,,,,,
M,F,,,,,
M,M,,,,,
M,F,,,,,
M,F,,,,,
M,F,,,,,
F,F,,,,,
M,F,,,,,
M,F,,,,,
F,F,,,,,
M,M,,,,,
M,F,,,,,
M,F,,,,,
M,F,,,,,
M,F,,,,,
M,F,,,,,
M,F,,,,,
M,F,,,,,
F,F,,,,,
M,F,,,,,
M,F,,,,,
M,F,,,,,
M,M,,,,,
M,F,,,,,
M,F,,,,,
M,M and F,,,,,
F,F,,,,,
M,F,,,,,
M,F,,,,,
M,F,,,,,
M,M,,,,,
M,F,,,,,
M,F,,,,,
M,M,,,,,
M,F,,,,,
M,F,,,,,
M,F,,,,,
M,F,,,,,
F,F,,,,,
M,F,,,,,
F,F,,,,,
M,M,,,,,
F,F,,,,,
M,F,,,,,
M,M,,,,,
M,F,,,,,
M,M and F,,,,,
F,F,,,,,
M,F,,,,,
M,M,,,,,
F,M,,,,,
M,F,,,,,
M,M,,,,,
M,F,,,,,
M,F,,,,,
M,M and F,,,,,
M,F,,,,,
M,F,,,,,
M,M and F,,,,,
M,F,,,,,
M,F,,,,,
F,M,,,,,
M,M and F,,,,,
M,F,,,,,
M,F,,,,,
M,F,,,,,
F,F,,,,,
M,F,,,,,
M,F,,,,,
F,F,,,,,
M,F,,,,,
M,F,,,,,
F,F,,,,,
M,M,,,,,
M,F,,,,,
F,F,,,,,
M,F,,,,,
M,F,,,,,
M,F,,,,,
F,F,,,,,
F,F,,,,,
M,M,,,,,
M,M,,,,,
M,F,,,,,
M,F,,,,,
M,F,,,,,
M,F,,,,,
M,F,,,,,
M,F,,,,,
M,M,,,,,
M,F,,,,,
F,F,,,,,
M,F,,,,,
M,F,,,,,
M,F,,,,,
M,M,,,,,
M,F,,,,,
M,F,,,,,
M,F,,,,,
M,F,,,,,
F,F,,,,,
M,F,,,,,
M,F,,,,,
F,F,,,,,
M,F,,,,,
M,F,,,,,
M,F,,,,,
F,F,,,,,
M,M,,,,,
M,F,,,,,
F,F,,,,,
M,F,,,,,
M,M,,,,,
F,F,,,,,
M,F,,,,,
M,F,,,,,
M,F,,,,,
M,F,,,,,
M,F,,,,,
M,M,,,,,
M,M,,,,,
M,F,,,,,
M,M and F,,,,,
M,F,,,,,
M,F,,,,,
M,F,,,,,
M,F,,,,,
M,M,,,,,
M,F,,,,,
M,F,,,,,
M,F,,,,,
M,F,,,,,
F,F,,,,,
M,F,,,,,
M,F,,,,,
M,F,,,,,
M,F,,,,,
M,F,,,,,
M,F,,,,,
F,M and F,,,,,
M,F,,,,,
M,F,,,,,
F,F,,,,,
M,F,,,,,
M,F,,,,,
M,F,,,,,
M,M,,,,,
F,F,,,,,
M,F,,,,,
M,F,,,,,
M,F,,,,,
M,M,,,,,
M,F,,,,,
M,F,,,,,
M,F,,,,,
M,F,,,,,
M,F,,,,,
M,F,,,,,
M,M and F,,,,,
M,F,,,,,
M,F,,,,,
M,F,,,,,
M,F,,,,,
M,F,,,,,
M,F,,,,,
M,F,,,,,
M,M,,,,,
M,F,,,,,
M,F,,,,,
F,F,,,,,
M,F,,,,,
M,F,,,,,
M,M,,,,,
M,F,,,,,
F,F,,,,,
M,M,,,,,
M,F,,,,,
M,F,,,,,
M,F,,,,,
M,F,,,,,
M,F,,,,,
F,F,,,,,
M,F,,,,,
M,F,,,,,
M,F,,,,,
M,F,,,,,
M,F,,,,,
M,F,,,,,
M,F,,,,,
M,F,,,,,
F,F,,,,,
M,F,,,,,
M,F,,,,,
M,F,,,,,
M,F,,,,,
M,F,,,,,
F,F,,,,,
M,F,,,,,
M,F,,,,,
F,F,,,,,
M,F,,,,,
M,M and F,,,,,
M,F,,,,,
M,F,,,,,
M,F,,,,,
M,F,,,,,
M,F,,,,,
M,F,,,,,
M,F,,,,,
M,F,,,,,
M,F,,,,,
M,F,,,,,
M,F,,,,,
F,F,,,,,
M,F,,,,,
M,F,,,,,
M,F,,,,,
M,F,,,,,
M,F,,,,,
M,M and F,,,,,
M,F,,,,,
M,F,,,,,
M,F,,,,,
M,F,,,,,
M,F,,,,,
M,F,,,,,
M,F,,,,,
M,M,,,,,
M,F,,,,,
M,F,,,,,
M,F,,,,,
M,F,,,,,
M,F,,,,,
M,F,,,,,
M,F,,,,,
M,F,,,,,
M,F,,,,,
M,F,,,,,
M,M,,,,,
M,F,,,,,
M,F,,,,,
M,F,,,,,
M,F,,,,,
M,F,,,,,
F,M and F,,,,,
M,F,,,,,
M,F,,,,,
M,F,,,,,
M,F,,,,,
M,F,,,,,
M,F,,,,,
M,F,,,,,
F,F,,,,,
M,F,,,,,
M,F,,,,,
M,M,,,,,
M,F,,,,,
M,M,,,,,
M,F,,,,,
M,F,,,,,
M,M,,,,,
M,F,,,,,
M,F,,,,,
F,F,,,,,
M,F,,,,,
M,F,,,,,
M,F,,,,,
M,F,,,,,
M,F,,,,,
F,F,,,,,
M,F,,,,,
M,F,,,,,
M,F,,,,,
M,F,,,,,
M,F,,,,,
M,F,,,,,
M,F,,,,,
M,F,,,,,
M,F,,,,,
M,F,,,,,
M,F,,,,,
F,M and F,,,,,
M,F,,,,,
F,F,,,,,
M,F,,,,,
M,F,,,,,
F,F,,,,,
M,F,,,,,
M,M,,,,,
M,F,,,,,
M,F,,,,,
M,F,,,,,
M,F,,,,,
M,F,,,,,
M,F,,,,,
M,F,,,,,
M,F,,,,,
M,F,,,,,
M,F,,,,,
M,F,,,,,
M,M,,,,,
M,F,,,,,
M,F,,,,,
M,F,,,,,
M,M,,,,,
M,F,,,,,
M,F,,,,,
M,F,,,,,
M,M,,,,,
M,F,,,,,
M,M and F,,,,,
M,F,,,,,
M,F,,,,,
M,F,,,,,
F,F,,,,,
M,F,,,,,
M,M and F,,,,,
M,F,,,,,
M,M,,,,,
M,F,,,,,
M,F,,,,,
M,F,,,,,
M,F,,,,,
M,F,,,,,
M,F,,,,,
M,F,,,,,
M,F,,,,,
F,F,,,,,
M,F,,,,,
M,F,,,,,
M,F,,,,,
M,F,,,,,
M,F,,,,,
M,F,,,,,
M,F,,,,,
M,F,,,,,
F,F,,,,,
M,F,,,,,
F,F,,,,,
M,F,,,,,
M,F,,,,,
M,F,,,,,
M,F,,,,,
M,F,,,,,
M,F,,,,,
M,F,,,,,
M,F,,,,,
M,F,,,,,
M,F,,,,,
M,F,,,,,
M,F,,,,,
M,F,,,,,
M,F,,,,,
M,M,,,,,
M,F,,,,,
M,F,,,,,
M,F,,,,,
M,F,,,,,
M,F,,,,,
M,M,,,,,
M,F,,,,,
M,F,,,,,
M,F,,,,,
M,F,,,,,
M,F,,,,,
M,F,,,,,
M,F,,,,,
M,F,,,,,
M,F,,,,,
M,F,,,,,
M,F,,,,,
M,F,,,,,
M,F,,,,,
M,F,,,,,
M,F,,,,,
M,M and F,,,,,
F,F,,,,,
M,F,,,,,
M,F,,,,,
M,F,,,,,
M,F,,,,,
M,F,,,,,
M,F,,,,,
M,F,,,,,
F,F,,,,,
M,M,,,,,
M,F,,,,,
M,F,,,,,
M,F,,,,,
M,F,,,,,
M,F,,,,,
M,F,,,,,
F,M,,,,,
M,M and F,,,,,
M,F,,,,,
M,F,,,,,
M,M,,,,,
M,F,,,,,
M,F,,,,,
M,F,,,,,
M,F,,,,,
M,F,,,,,
M,M,,,,,
M,M,,,,,
M,F,,,,,
M,F,,,,,
M,F,,,,,
M,F,,,,,
F,F,,,,,
M,F,,,,,
M,F,,,,,
M,F,,,,,
M,F,,,,,
M,F,,,,,
M,F,,,,,
M,F,,,,,
M,F,,,,,
M,F,,,,,
M,F,,,,,
M,F,,,,,
M,F,,,,,
M,M,,,,,
M,F,,,,,
M,M,,,,,
M,F,,,,,
M,F,,,,,
M,F,,,,,
M,F,,,,,
M,F,,,,,
F,F,,,,,
M,F,,,,,
M,F,,,,,
M,F,,,,,
F,F,,,,,
M,F,,,,,
M,F,,,,,
M,M and F,,,,,
M,F,,,,,
M,F,,,,,
M,F,,,,,
M,F,,,,,
F,F,,,,,
F,F,,,,,
M,F,,,,,
M,F,,,,,
M,F,,,,,
M,F,,,,,
M,F,,,,,
M,F,,,,,
M,F,,,,,
M,F,,,,,
M,F,,,,,
M,F,,,,,
M,M,,,,,
M,F,,,,,
M,F,,,,,
M,F,,,,,
M,M,,,,,
M,M,,,,,
M,M,,,,,
M,F,,,,,
F,F,,,,,
M,F,,,,,
F,F,,,,,
M,F,,,,,
M,F,,,,,
M,F,,,,,
M,F,,,,,
M,F,,,,,
M,F,,,,,
M,F,,,,,
M,F,,,,,
M,F,,,,,
M,F,,,,,
M,M and F,,,,,
M,M,,,,,
F,F,,,,,
M,F,,,,,
M,F,,,,,
F,F,,,,,
M,F,,,,,
M,F,,,,,
M,F,,,,,
M,F,,,,,
M,F,,,,,
M,F,,,,,
M,M,,,,,
M,F,,,,,
M,F,,,,,
M,F,,,,,
M,F,,,,,
M,F,,,,,
M,F,,,,,
F,F,,,,,
M,F,,,,,
M,F,,,,,
M,F,,,,,
F,F,,,,,
F,F,,,,,
F,F,,,,,
M,F,,,,,
M,F,,,,,
M,F,,,,,
M,F,,,,,
M,F,,,,,
M,F,,,,,
M,F,,,,,
M,F,,,,,
M,F,,,,,
M,F,,,,,
M,M,,,,,
M,M,,,,,
M,F,,,,,
M,F,,,,,
M,F,,,,,
M,F,,,,,
M,F,,,,,
F,F,,,,,
M,M,,,,,
F,F,,,,,
M,F,,,,,
M,F,,,,,
M,F,,,,,
M,F,,,,,
M,F,,,,,
M,F,,,,,
M,F,,,,,
M,M,,,,,
M,F,,,,,
M,F,,,,,
M,F,,,,,
F,F,,,,,
M,M,,,,,
M,F,,,,,
M,F,,,,,
M,M and F,,,,,
M,F,,,,,
M,F,,,,,
M,F,,,,,
M,M and F,,,,,
M,F,,,,,
M,F,,,,,
M,F,,,,,
M,F,,,,,
M,F,,,,,
M,F,,,,,
M,F,,,,,
M,F,,,,,
M,F,,,,,
M,F,,,,,
M,F,,,,,
M,F,,,,,
M,F,,,,,
M,M,,,,,
M,F,,,,,
F,F,,,,,
F,F,,,,,
M,F,,,,,
M,F,,,,,
M,F,,,,,
M,F,,,,,
M,M and F,,,,,
M,F,,,,,
M,F,,,,,
M,F,,,,,
F,M,,,,,
M,F,,,,,
M,M and F,,,,,
M,F,,,,,
M,M,,,,,
M,F,,,,,
F,F,,,,,
M,F,,,,,
M,F,,,,,
M,F,,,,,
M,F,,,,,
M,F,,,,,
M,F,,,,,
M,F,,,,,
M,F,,,,,
M,F,,,,,
M,F,,,,,
M,F,,,,,
M,F,,,,,
M,F,,,,,
M,F,,,,,
M,F,,,,,
M,F,,,,,
F,F,,,,,
M,F,,,,,
M,F,,,,,
M,F,,,,,
M,F,,,,,
M,F,,,,,
M,F,,,,,
M,F,,,,,
M,F,,,,,
M,F,,,,,
M,F,,,,,
M,F,,,,,
M,F,,,,,
M,F,,,,,
M,F,,,,,
M,F,,,,,
M,F,,,,,
M,F,,,,,
M,F,,,,,
M,F,,,,,
M,F,,,,,
M,F,,,,,
M,F,,,,,
M,F,,,,,
M,F,,,,,
M,F,,,,,
M,F,,,,,
M,F,,,,,
M,F,,,,,
M,F,,,,,
M,F,,,,,
M,F,,,,,
M,F,,,,,
F,F,,,,,
M,F,,,,,
F,F,,,,,
M,F,,,,,
M,F,,,,,
M,F,,,,,
M,F,,,,,
M,F,,,,,
F,F,,,,,
M,F,,,,,
M,F,,,,,
M,F,,,,,
M,M and F,,,,,
M,F,,,,,
M,F,,,,,
M,F,,,,,
M,F,,,,,
M,F,,,,,
M,F,,,,,
M,F,,,,,
M,F,,,,,
M,F,,,,,
M,F,,,,,
M,F,,,,,
M,F,,,,,
M,M,,,,,
M,F,,,,,
M,F,,,,,
M,M and F,,,,,
M,F,,,,,
M,F,,,,,
M,F,,,,,
M,F,,,,,
M,F,,,,,
M,F,,,,,
M,F,,,,,
M,M,,,,,
M,F,,,,,
M,F,,,,,
M,F,,,,,
M,F,,,,,
M,F,,,,,
F,F,,,,,
M,F,,,,,
M,F,,,,,
M,F,,,,,
M,F,,,,,
M,M and F,,,,,
M,F,,,,,
M,M,,,,,
M,F,,,,,
M,M and F,,,,,
M,F,,,,,
M,F,,,,,
M,M,,,,,
M,F,,,,,
M,F,,,,,
M,F,,,,,
M,F,,,,,
M,F,,,,,
M,F,,,,,
M,F,,,,,
M,F,,,,,
M,F,,,,,
M,F,,,,,
M,M,,,,,
M,M,,,,,
M,F,,,,,
M,F,,,,,
M,F,,,,,
M,F,,,,,
M,M,,,,,
M,M,,,,,
F,M,,,,,
M,M,,,,,
M,F,,,,,
M,F,,,,,
M,F,,,,,
M,F,,,,,
M,F,,,,,
M,F,,,,,
M,M and F,,,,,
M,F,,,,,
M,F,,,,,
M,F,,,,,
M,F,,,,,
F,F,,,,,
M,F,,,,,
M,F,,,,,
M,F,,,,,
M,M and F,,,,,
M,F,,,,,
M,F,,,,,
M,M and F,,,,,
M,F,,,,,
M,F,,,,,
M,M,,,,,
F,F,,,,,
M,F,,,,,
M,M and F,,,,,
M,F,,,,,
M,M and F,,,,,
M,F,,,,,
M,M and F,,,,,
M,F,,,,,
M,M,,,,,
M,M,,,,,
M,F,,,,,
M,F,,,,,
F,F,,,,,
M,F,,,,,
M,F,,,,,
M,F,,,,,
M,F,,,,,
M,M,,,,,
M,F,,,,,
M,F,,,,,
F,F,,,,,
M,M and F,,,,,
M,F,,,,,
M,F,,,,,
M,F,,,,,
M,F,,,,,
M,F,,,,,
M,F,,,,,
M,F,,,,,
M,F,,,,,
M,F,,,,,
F,M,,,,,
F,F,,,,,
M,F,,,,,
M,M and F,,,,,
M,F,,,,,
M,F,,,,,
F,F,,,,,
F,F,,,,,
M,F,,,,,
F,F,,,,,
M,F,,,,,
M,F,,,,,
M,F,,,,,
M,F,,,,,
M,F,,,,,
M,F,,,,,
M,F,,,,,
M,F,,,,,
M,M,,,,,
M,F,,,,,
M,F,,,,,
M,F,,,,,
M,F,,,,,
M,M,,,,,
M,F,,,,,
M,M and F,,,,,
M,F,,,,,
M,F,,,,,
M,F,,,,,
M,M and F,,,,,
M,F,,,,,
M,F,,,,,
M,F,,,,,
M,F,,,,,
M,F,,,,,
M,F,,,,,
M,F,,,,,
F,F,,,,,
M,F,,,,,
M,F,,,,,
M,F,,,,,
F,F,,,,,
M,F,,,,,
F,F,,,,,
F,F,,,,,
M,F,,,,,
M,F,,,,,
M,F,,,,,
M,F,,,,,
M,F,,,,,
M,F,,,,,
M,F,,,,,
M,M,,,,,
F,F,,,,,
M,F,,,,,
M,F,,,,,
M,F,,,,,
F,F,,,,,
M,F,,,,,
M,F,,,,,
M,F,,,,,
M,F,,,,,
M,F,,,,,
M,F,,,,,
M,F,,,,,
M,F,,,,,
M,M,,,,,
F,F,,,,,
M,F,,,,,
M,F,,,,,
M,F,,,,,
M,F,,,,,
M,F,,,,,
M,F,,,,,
M,M,,,,,
M,M,,,,,
M,F,,,,,
M,F,,,,,
M,M,,,,,
M,F,,,,,
M,F,,,,,
M,F,,,,,
M,F,,,,,
M,F,,,,,
M,F,,,,,
F,F,,,,,
M,F,,,,,
M,F,,,,,
M,F,,,,,
M,F,,,,,
M,F,,,,,
M,F,,,,,
F,F,,,,,
M,F,,,,,
M,F,,,,,
M,M,,,,,
F,F,,,,,
M,F,,,,,
M,F,,,,,
M,F,,,,,
M,F,,,,,
M,F,,,,,
M,F,,,,,
M,F,,,,,
M,F,,,,,
M,F,,,,,
M,F,,,,,
M,F,,,,,
M,F,,,,,
M,M,,,,,
M,F,,,,,
M,F,,,,,
M,M,,,,,
M,M,,,,,
M,F,,,,,
M,F,,,,,
M,F,,,,,
M,F,,,,,
M,F,,,,,
M,F,,,,,
M,M and F,,,,,
M,F,,,,,
M,F,,,,,
M,F,,,,,
M,F,,,,,
M,F,,,,,
M,F,,,,,
M,F,,,,,
M,F,,,,,
M,F,,,,,
M,F,,,,,
M,F,,,,,
M,F,,,,,
M,F,,,,,
M,F,,,,,
M,F,,,,,
M,F,,,,,
M,F,,,,,
M,F,,,,,
M,M,,,,,
M,F,,,,,
F,F,,,,,
M,F,,,,,
M,M and F,,,,,
F,F,,,,,
F,M,,,,,
M,F,,,,,
M,F,,,,,
F,F,,,,,
M,F,,,,,
M,F,,,,,
M,F,,,,,
M,F,,,,,
M,F,,,,,
M,F,,,,,
M,F,,,,,
M,M and F,,,,,
M,F,,,,,
M,F,,,,,
M,F,,,,,
M,F,,,,,
M,F,,,,,
M,F,,,,,
M,F,,,,,
M,F,,,,,
M,F,,,,,
F,F,,,,,
M,M,,,,,
M,F,,,,,
M,F,,,,,
M,M,,,,,
M,F,,,,,
M,F,,,,,
M,F,,,,,
M,F,,,,,
M,F,,,,,
M,F,,,,,
M,F,,,,,
M,F,,,,,
M,F,,,,,
F,F,,,,,
M,F,,,,,
M,F,,,,,
F,M,,,,,
F,F,,,,,
M,F,,,,,
M,F,,,,,
M,M,,,,,
M,M and F,,,,,
M,M,,,,,
M,F,,,,,
F,M,,,,,
M,F,,,,,
M,M,,,,,
M,F,,,,,
M,F,,,,,
M,F,,,,,
M,F,,,,,
M,F,,,,,
M,F,,,,,
M,F,,,,,
M,F,,,,,
M,F,,,,,
M,F,,,,,
M,M,,,,,
M,F,,,,,
M,F,,,,,
M,F,,,,,
M,M,,,,,
M,F,,,,,
M,F,,,,,
F,F,,,,,
M,M and F,,,,,
M,F,,,,,